{"avg_kills":0,"avg_deaths":0,"avg_assists":0,"avg_kda":0,"kills":[1,1,1,4,6,2,8,9,3,1],"deaths":[6,14,11,2,0,2,7,3,5,4],"assists":[13,0,5,8,8,7,13,10,2,0],"kda":[2.3333333333333335,0.07142857142857142,0.5454545454545454,6,14,4.5,3,6.333333333333333,1,0.25],"allied_jungle_monster_kills":[60,0,74,45,40,81,95,69,108,51],"baron_takedowns":[0,0,0,0,0,1,1,0,0,0],"buffs_stolen":[3,0,1,1,1,0,0,2,0,0],"dragon_takedowns":[2,0,2,0,2,3,2,1,0,0],"enemy_jungle_monster_kills":[17,0,1,2,9,9,0,5,6,0],"epic_monster_kills_near_enemy_jungler":[2,0,0,1,1,1,0,2,0,0],"epic_monster_kills_within_30_seconds_of_spawn":[0,0,0,0,0,0,1,0,0,0],"epic_monster_steals":[0,0,0,0,0,0,0,1,0,0],"epic_monsters_stolen_without_smite":[0,0,0,0,0,0,0,1,0,0],"initial_buff_count":[3,1,0,0,2,2,2,1,2,2,2,2,2,1,2,1,2,0,2,1],"initial_crab_count":[],"jungle_cs_before_10_minutes":[56.00000002980232,0,58.00000008940697,46.000000059604645,50.60000005364418,57.75000008940697,44.000000059604645,56.750000059604645,56.550000071525574,50.500000059604645],"jungler_takedowns_near_damaged_epic_monster":[],"lane_minions_first_10_minutes":[1,5,0,3,3,3,6,6,1,2],"more_enemy_jungle_than_opponent":[-37.000000059604645,0,-43.000000059604645,-36.00000008940697,-46.500000059604645,-29,-49.00000008940697,-44.00000011920929,-48.70000010728836,-37.000000059604645],"perfect_dragon_souls_taken":[0,0,0,0,0,0,0,0,0,0],"rift_herald_takedowns":[0,0,1,1,1,0,0,1,1,0],"scuttle_crab_kills":[3,0,4,3,5,3,3,2,1,1],"solo_baron_kills":[0,0,0,0,0,0,0,0,0,0],"team_baron_kills":[1,0,0,0,0,1,1,0,0,0],"team_elder_dragon_kills":[0,0,0,0,0,0,0,0,0,0],"team_rift_herald_kills":[0,0,1,1,1,1,0,1,1,0],"turrets_taken_with_rift_herald":[0,0,0,0,0,0,0,5,0,0],"damage_dealt_to_buildings":[369,0,0,0,222,1960,272,5283,0,0],"damage_dealt_to_objectives":[14099,0,13097,21877,16028,24885,29943,21842,31206,12089],"damage_dealt_to_turrets":[369,0,0,0,222,1960,272,5283,0,0],"dragon_kills":[2,0,2,0,1,3,2,1,0,0],"inhibitor_kills":[0,0,0,0,0,0,0,1,0,0],"inhibitor_takedowns":[1,0,0,0,0,1,0,1,0,0],"inhibitors_lost":[0,1,3,0,0,1,0,0,2,0],"neutral_minions_killed":[147,0,156,90,106,157,170,151,191,84],"objectives_stolen":[0,0,0,0,0,0,0,1,0,0],"objectives_stolen_assists":[0,0,0,0,0,0,0,0,0,0],"total_ally_jungle_minions_killed":[98,0,117,59,63,114,134,112,157,70],"total_enemy_jungle_minions_killed":[22,0,4,8,10,8,0,12,4,0],"total_minions_killed":[30,13,26,13,17,8,30,26,41,2],"turret_kills":[0,0,0,0,0,1,0,2,0,0],"turret_takedowns":[1,0,0,0,1,3,1,5,0,0],"turrets_lost":[2,8,10,0,0,6,6,3,10,5]}