{"total_kills":36,"total_deaths":54,"total_assists":66,"total_kda":38.03354978354979,"avg_kills":3.6,"avg_deaths":5.4,"avg_assists":6.6,"avg_kda":3.803354978354979}